id,order,created_at,updated_at
1,1,"2015-08-10 10:16:38","2015-08-10 10:16:38"
2,2,"2015-08-10 10:16:38","2015-08-10 10:16:38"
3,3,"2015-08-10 10:16:38","2015-08-10 10:16:38"
4,4,"2015-08-10 10:16:38","2015-08-10 10:16:38"
5,5,"2015-08-10 10:16:38","2015-08-10 10:16:38"
6,6,"2015-08-10 10:16:38","2015-08-10 10:16:38"
7,7,"2015-08-10 10:16:38","2015-08-10 10:16:38"
8,8,"2015-08-10 10:16:38","2015-08-10 10:16:38"
9,9,"2015-08-10 10:16:38","2015-08-10 10:16:38"
10,10,"2015-08-10 10:16:38","2015-08-10 10:16:38"
11,11,"2015-08-10 10:16:38","2015-08-10 10:16:38"
12,12,"2015-08-10 10:16:38","2015-08-10 10:16:38"
13,13,"2015-08-10 10:16:38","2015-08-10 10:16:38"
14,14,"2015-08-10 10:16:38","2015-08-10 10:16:38"
15,15,"2020-10-21 09:30:40","2020-10-21 09:30:40"
